CUSTOMERNAME,PHONE,ADDRESSLINE1,ADDRESSLINE2,CITY,STATE,POSTALCODE,COUNTRY,TERRITORY,CONTACTFIRSTNAME,CONTACTLASTNAME
FunGiftIdeas.com,+33 1 46 62 7555,1785 First Street,,NYC,MA,44000,UK,EMEA,Kyung,Benitez
La Rochelle Gifts,2155551555,"67, rue des Cinquante Otages",Suite 101,Lille,CA,59000,France,,Martine,Labrune
"UK Collectables, Ltd.",(171) 555-2282,Berkeley Gardens 12  Brewery,,Liverpool,PA,WX1 6LT,UK,,Elizabeth,Devon
Daedalus Designs Imports,+33 1 46 62 7555,"184, chausse de Tournai",,NYC,NY,10022,USA,EMEA,Michael,Rance
Mini Wheels Co.,+33 1 46 62 7554,5557 North Pendale Street,,Paris,PA,75508,USA,,Daniel,Murphy
FunGiftIdeas.com,5085552555,1785 First Street,,Liverpool,CA,WX1 6LT,UK,EMEA,Elizabeth,Benitez
Reims Collectables,6505551386,59 rue de l'Abbaye,,San Francisco,CA,,USA,EMEA,Julie,Da Cunha
Vitachrome Inc.,+33 1 46 62 7555,2678 Kingston Rd.,,Paris,CA,75508,France,,Daniel,Frick
Daedalus Designs Imports,2155551555,"184, chausse de Tournai",,San Francisco,CA,,USA,,Paul,Rance
Diecast Classics Inc.,5085552555,7586 Pompton St.,,Liverpool,CA,WX1 6LT,UK,EMEA,Elizabeth,Yu
Daedalus Designs Imports,2155551555,"184, chausse de Tournai",Suite 101,Paris,CA,59000,USA,EMEA,Martine,Rance
Diecast Classics Inc.,6505555787,7586 Pompton St.,,Allentown,CA,10022,USA,,Michael,Yu
Mini Wheels Co.,+33 1 46 62 7554,5557 North Pendale Street,,NYC,NY,10022,USA,EMEA,Michael,Murphy
Diecast Classics Inc.,6505551386,7586 Pompton St.,,Reims,MA,51100,USA,,Paul,Yu
Daedalus Designs Imports,+33 1 46 62 7554,"184, chausse de Tournai",,Lille,CA,75508,USA,,Daniel,Rance
FunGiftIdeas.com,5085552555,Berkeley Gardens 12  Brewery,,New Bedford,MA,50553,France,,Violeta,Devon
Reims Collectables,6505551386,59 rue de l'Abbaye,,San Francisco,CA,,USA,,Julie,Henriot
Vitachrome Inc.,6505551386,2678 Kingston Rd.,,San Francisco,NY,,USA,,Julie,Murphy
Mini Wheels Co.,2125551500,5557 North Pendale Street,,New Bedford,CA,50553,France,EMEA,Violeta,Murphy
Diecast Classics Inc.,6505551386,7586 Pompton St.,,San Francisco,PA,,USA,,Julie,Frick
Reims Collectables,6505551386,59 rue de l'Abbaye,,San Francisco,CA,,USA,,Paul,Da Cunha
La Rochelle Gifts,+33 1 46 62 7554,"67, rue des Cinquante Otages",Suite 101,NYC,CA,10022,UK,EMEA,Michael,Benitez
Corporate Gift Ideas Co.,2155551555,7734 Strong St.,,San Francisco,CA,51100,USA,,Paul,Brown
FunGiftIdeas.com,+33 1 46 62 7555,1785 First Street,,Nantes,NY,44000,France,EMEA,Janine,Benitez
FunGiftIdeas.com,2125551500,1785 First Street,,New Bedford,CA,50553,France,,Violeta,Benitez
Diecast Classics Inc.,2125551500,"67, rue des Cinquante Otages",,Liverpool,CA,WX1 6LT,UK,EMEA,Elizabeth,Labrune
La Rochelle Gifts,+33 1 46 62 7554,"67, rue des Cinquante Otages",,Paris,NY,75508,USA,,Daniel,Yu
FunGiftIdeas.com,2155551555,1785 First Street,Suite 101,San Francisco,MA,,USA,,Paul,Benitez
La Rochelle Gifts,5085552555,"67, rue des Cinquante Otages",Suite 101,New Bedford,CA,50553,France,EMEA,Violeta,Labrune
Corporate Gift Ideas Co.,+33 1 46 62 7554,7734 Strong St.,,Lille,CA,59000,USA,,Martine,Brown
"UK Collectables, Ltd.",2155551555,Berkeley Gardens 12  Brewery,,Allentown,PA,70267,USA,,Kyung,Devon
Vitachrome Inc.,6505555787,2678 Kingston Rd.,Suite 101,Lille,PA,59000,USA,,Martine,Frick
Lyon Souveniers,2155551555,27 rue du Colonel Pierre Avia,,Lille,CA,59000,France,EMEA,Martine,Da Cunha
Diecast Classics Inc.,+33 1 46 62 7554,7586 Pompton St.,Suite 101,Paris,PA,75508,USA,,Martine,Yu
Diecast Classics Inc.,2125551500,7586 Pompton St.,,Nantes,CA,44000,USA,EMEA,Janine,Yu
Vitachrome Inc.,2125551500,2678 Kingston Rd.,Suite 101,NYC,PA,59000,USA,,Michael,Frick
Diecast Classics Inc.,5085552555,7586 Pompton St.,Suite 101,New Bedford,CA,WX1 6LT,UK,EMEA,Violeta,Yu
La Rochelle Gifts,2125551500,"67, rue des Cinquante Otages",,New Bedford,CA,50553,France,EMEA,Janine,Labrune
Mini Wheels Co.,6505555787,5557 North Pendale Street,,Allentown,CA,70267,USA,EMEA,Kyung,Murphy
Mini Wheels Co.,+33 1 46 62 7554,5557 North Pendale Street,Suite 101,Reims,CA,51100,USA,,Paul,Murphy
Reims Collectables,+33 1 46 62 7555,59 rue de l'Abbaye,Suite 101,Paris,CA,51100,USA,EMEA,Daniel,Da Cunha
"UK Collectables, Ltd.",6505555787,Berkeley Gardens 12  Brewery,,Nantes,NY,44000,France,,Janine,Devon
Daedalus Designs Imports,6505551386,"184, chausse de Tournai",,San Francisco,CA,,USA,,Julie,Rance
La Rochelle Gifts,2125551500,"67, rue des Cinquante Otages",,Nantes,CA,70267,France,,Kyung,Labrune
Daedalus Designs Imports,6505555787,"184, chausse de Tournai",,Allentown,CA,70267,USA,,Kyung,Rance
Mini Wheels Co.,6505555787,5557 North Pendale Street,Suite 101,NYC,CA,59000,USA,,Martine,Murphy
Corporate Gift Ideas Co.,6505551386,7734 Strong St.,Suite 101,Reims,NY,51100,USA,,Daniel,Brown
La Rochelle Gifts,2125551500,"67, rue des Cinquante Otages",,Allentown,MA,10022,USA,,Michael,Labrune
"UK Collectables, Ltd.",6505555787,Berkeley Gardens 12  Brewery,,NYC,NY,10022,France,,Michael,Devon
Vitachrome Inc.,5085552555,2678 Kingston Rd.,Suite 101,Nantes,CA,44000,France,EMEA,Kyung,Frick
La Rochelle Gifts,2155551555,"67, rue des Cinquante Otages",,San Francisco,NY,,USA,EMEA,Julie,Labrune
Corporate Gift Ideas Co.,+33 1 46 62 7555,7734 Strong St.,,Allentown,CA,70267,USA,EMEA,Michael,Brown
Diecast Classics Inc.,6505555787,7586 Pompton St.,,Allentown,NY,70267,USA,EMEA,Kyung,Yu
Vitachrome Inc.,6505551386,2678 Kingston Rd.,,Reims,NY,51100,France,,Paul,Frick
FunGiftIdeas.com,+33 1 46 62 7555,1785 First Street,,NYC,MA,59000,USA,,Martine,Benitez
La Rochelle Gifts,2155551555,1785 First Street,Suite 101,Reims,PA,75508,USA,,Daniel,Benitez
La Rochelle Gifts,2155551555,"67, rue des Cinquante Otages",,Reims,PA,51100,USA,,Paul,Labrune
Corporate Gift Ideas Co.,6505551386,7734 Strong St.,Suite 101,San Francisco,NY,,USA,,Julie,Brown
Vitachrome Inc.,6505555787,2678 Kingston Rd.,,New Bedford,CA,50553,USA,,Violeta,Frick
Daedalus Designs Imports,2125551500,"184, chausse de Tournai",,Nantes,CA,44000,France,EMEA,Janine,Rance
Vitachrome Inc.,2125551500,2678 Kingston Rd.,,Nantes,CA,44000,France,EMEA,Janine,Frick
Lyon Souveniers,+33 1 46 62 7555,27 rue du Colonel Pierre Avia,,NYC,CA,10022,USA,EMEA,Michael,Da Cunha
Reims Collectables,2155551555,59 rue de l'Abbaye,,San Francisco,CA,51100,USA,,Paul,Henriot
Lyon Souveniers,2125551500,27 rue du Colonel Pierre Avia,,Allentown,CA,70267,USA,,Kyung,Da Cunha
Daedalus Designs Imports,5085552555,"184, chausse de Tournai",,New Bedford,CA,50553,France,,Violeta,Rance
Reims Collectables,+33 1 46 62 7554,59 rue de l'Abbaye,Suite 101,Paris,CA,75508,USA,EMEA,Daniel,Henriot
La Rochelle Gifts,2155551555,"67, rue des Cinquante Otages",,Paris,CA,75508,USA,,Daniel,Labrune
Vitachrome Inc.,5085552555,2678 Kingston Rd.,,Liverpool,CA,WX1 6LT,France,EMEA,Elizabeth,Frick
Corporate Gift Ideas Co.,+33 1 46 62 7555,7734 Strong St.,,Allentown,CA,70267,USA,,Kyung,Brown
"UK Collectables, Ltd.",2155551555,Berkeley Gardens 12  Brewery,,Lille,CA,59000,France,,Martine,Devon
Mini Wheels Co.,6505555787,5557 North Pendale Street,,Nantes,CA,44000,France,EMEA,Janine,Murphy
Lyon Souveniers,2125551500,27 rue du Colonel Pierre Avia,Suite 101,Nantes,CA,44000,France,EMEA,Janine,Brown
Diecast Classics Inc.,6505551386,7586 Pompton St.,,San Francisco,PA,,USA,,Julie,Yu
Corporate Gift Ideas Co.,(171) 555-2282,7734 Strong St.,Suite 101,New Bedford,CA,50553,USA,EMEA,Violeta,Brown
"UK Collectables, Ltd.",+33 1 46 62 7554,Berkeley Gardens 12  Brewery,Suite 101,Paris,MA,75508,USA,,Daniel,Devon
Lyon Souveniers,6505555787,27 rue du Colonel Pierre Avia,,Nantes,CA,44000,France,EMEA,Janine,Da Cunha
Daedalus Designs Imports,(171) 555-2282,"184, chausse de Tournai",,Liverpool,NY,WX1 6LT,USA,EMEA,Elizabeth,Rance
FunGiftIdeas.com,2155551555,Berkeley Gardens 12  Brewery,,Reims,MA,,USA,,Paul,Devon
Mini Wheels Co.,2125551500,5557 North Pendale Street,,Liverpool,CA,WX1 6LT,France,EMEA,Elizabeth,Murphy
Reims Collectables,+33 1 46 62 7554,59 rue de l'Abbaye,,NYC,CA,59000,USA,,Martine,Henriot
